{"ec2": 1764279400.5501113, "iam": 1764279385.8628597, "cloudtrail": 1764279400.4446402, "events": 1764282505.3743358, "kms": 1764279385.3792584, "guardduty": 1764279385.436481, "s3": 1764282505.4772754}