{"kms": 1764551134.262782, "ec2": 1764551149.4488604, "cloudtrail": 1764551149.2591827, "wafv2": 1764549439.2438524, "s3": 1764553279.2464921, "iam": 1764551135.878832, "events": 1764553279.2146037, "autoscaling": 1764549365.3842542, "elbv2": 1764552979.2588565}