{"kms": 1764551134.262782, "ec2": 1764623104.25506, "cloudtrail": 1764551149.2591827, "wafv2": 1764549439.2438524, "s3": 1764881271.8041153, "iam": 1764551135.878832, "events": 1764881269.2559185, "autoscaling": 1764549365.3842542, "elbv2": 1764555814.2644885, "organizations": 1764883498.7294364}