{"ec2": 1764290395.449417, "iam": 1764279385.8628597, "cloudtrail": 1764279400.4446402, "events": 1764290440.3710613, "kms": 1764279385.3792584, "guardduty": 1764279385.436481, "s3": 1764290440.476657}